machine_id,machine_name,machine_type,last_timestamp,failure_probability_pct,composite_risk_score,health_score,risk_level,urgency_window,expected_failure_cost_inr,total_breakdown_exposure_inr,top_risk_drivers,prescriptive_action,temperature_current,vibration_current,pressure_current,hours_since_maintenance
M05,Hydraulic System (M05),Hydraulic System,2025-06-29 23:00:00,91.6,70.8,29.2,CRITICAL,Immediate (< 6 Hours),63200.0,69000.0,High Vibration Amplitude,"Inspect hydraulic pump impellers, flush line filters, check fluid contamination. Emergency Work Order: Isolate machine and execute targeted overhaul",53.6,4.21,116.6,171.0
M04,Hydraulic Press (M04),Hydraulic Press,2025-06-29 23:00:00,91.6,67.2,32.8,CRITICAL,Immediate (< 6 Hours),126400.0,138000.0,Nominal Baseline Parameters,"Inspect main cylinder piston seals, proportional relief valve, check for pressure surge. Emergency Work Order: Isolate machine and execute targeted overhaul",54.7,4.26,136.5,96.0
M09,Electric Motor (M09),Electric Motor,2025-06-29 23:00:00,24.9,53.9,46.1,MEDIUM,Within 7 Days,32405.8,130000.0,"High Vibration Amplitude, Accelerating Vibration Trend, Thermal Heat Accumulation","Re-grease bearings, inspect cooling fan shroud, verify thermal overload relays. Condition Monitoring: Conduct vibration/thermal inspection",111.8,20.15,0.0,820.0
M01,CNC Lathe (M01),CNC Lathe,2025-06-29 23:00:00,0.0,36.6,63.4,MEDIUM,Within 7 Days,0.0,85000.0,"High Vibration Amplitude, Accelerating Vibration Trend, Thermal Heat Accumulation","Inspect spindle bearings, check chuck clamp pressure and toolholder balance. Condition Monitoring: Conduct vibration/thermal inspection",83.5,15.43,0.0,619.0
M10,Compressor (M10),Compressor,2025-06-29 23:00:00,0.0,32.2,67.8,MEDIUM,Within 7 Days,0.0,155000.0,"High Vibration Amplitude, Accelerating Vibration Trend, Thermal Heat Accumulation","Inspect screw elements, check oil separator differential pressure, clean intercooler. Condition Monitoring: Conduct vibration/thermal inspection",98.0,13.3,0.0,365.0
M03,CNC Milling (M03),CNC Milling,2025-06-29 23:00:00,0.0,31.9,68.1,MEDIUM,Within 7 Days,0.0,105000.0,"High Vibration Amplitude, Thermal Heat Accumulation","Inspect spindle cartridge, check axis backlash and coolant delivery flow. Condition Monitoring: Conduct vibration/thermal inspection",66.9,8.94,0.0,488.0
M06,Pump (M06),Pump,2025-06-29 23:00:00,0.0,29.5,70.5,LOW,Routine Next Cycle,0.0,48000.0,High Vibration Amplitude,"Check mechanical seal leakage, inspect impeller for cavitation pitting and alignment. Normal Operation: Continue regular 5S and lubrication checks",47.7,5.37,0.0,448.0
M02,CNC Milling (M02),CNC Milling,2025-06-29 23:00:00,0.0,26.2,73.8,LOW,Routine Next Cycle,0.0,102000.0,High Vibration Amplitude,"Perform dynamic spindle balance, inspect linear guideways and drawbar tension. Normal Operation: Continue regular 5S and lubrication checks",54.8,5.8,0.0,288.0
M08,Electric Motor (M08),Electric Motor,2025-06-29 23:00:00,0.0,24.8,75.2,LOW,Routine Next Cycle,0.0,118000.0,High Vibration Amplitude,"Inspect drive-end bearings, check stator insulation resistance (megger test), check phase current. Normal Operation: Continue regular 5S and lubrication checks",59.8,3.8,0.0,294.0
M07,Pump (M07),Pump,2025-06-29 23:00:00,0.0,18.3,81.7,LOW,Routine Next Cycle,0.0,57000.0,High Vibration Amplitude,"Replace shaft packing seals, check suction line strainer, measure casing vibration. Normal Operation: Continue regular 5S and lubrication checks",42.9,2.94,4.5,173.0
