machine_id,machine_name,machine_type,total_planned_qty,total_actual_qty,total_good_qty,total_defect_qty,avg_actual_cycle_time,total_downtime_minutes,unplanned_downtime_minutes,planned_downtime_minutes,total_downtime_hours,unplanned_downtime_hours,planned_downtime_hours,operating_hours,ideal_cycle_sec,availability_pct,performance_pct,quality_pct,oee_pct,utilization_rate_pct,failure_count,total_repair_cost,total_repair_hours,maintenance_events,total_maintenance_spend,mtbf_hours,mttr_hours,failure_rate_per_1000h,downtime_revenue_loss_inr,scrap_loss_inr,total_cost_of_unreliability_inr
M01,CNC Lathe 01,CNC Lathe,341120,294601,282037,12564,50.89,3840,3840,0,64.0,64.0,0.0,4256.0,45.0,98.52,86.53,95.74,81.61,98.52,5,204803,64,5,204803,851.2,12.8,1.175,320000.0,4397400.0,4922203.0
M02,CNC Milling 01,CNC Milling,339200,294120,281878,12242,50.77,4980,4980,0,83.0,83.0,0.0,4237.0,45.0,98.08,86.77,95.84,81.56,98.08,6,287448,83,6,287448,706.2,13.83,1.416,415000.0,4284700.0,4987148.0
M03,CNC Milling 02,CNC Milling,341120,296189,284016,12173,50.66,3000,3000,0,50.0,50.0,0.0,4270.0,45.0,98.84,86.71,95.89,82.18,98.84,5,245516,50,5,245516,854.0,10.0,1.171,250000.0,4260550.0,4756066.0
M04,Hydraulic Press 01,Hydraulic Press,509760,440209,421143,19066,34.01,5280,5280,0,88.0,88.0,0.0,4232.0,30.0,97.96,86.68,95.67,81.24,97.96,8,513411,88,8,513411,529.0,11.0,1.89,440000.0,6673100.0,7626511.0
M05,Hydraulic Unit 02,Hydraulic System,509760,439547,420591,18956,34.03,4860,4860,0,81.0,81.0,0.0,4239.0,30.0,98.12,86.41,95.69,81.13,98.12,7,250932,81,7,250932,605.6,11.57,1.651,405000.0,6634600.0,7290532.0
M06,Coolant Pump 01,Pump,510720,445034,426974,18060,33.72,4020,4020,0,67.0,67.0,0.0,4253.0,30.0,98.45,87.2,95.94,82.36,98.45,4,89312,67,4,89312,1063.2,16.75,0.941,335000.0,6321000.0,6745312.0
M07,Slurry Pump 02,Pump,508800,441609,423286,18323,33.84,4260,4260,0,71.0,71.0,0.0,4249.0,30.0,98.36,86.61,95.85,81.65,98.36,6,139808,71,6,139808,708.2,11.83,1.412,355000.0,6413050.0,6907858.0
M08,Drive Motor 01,Electric Motor,511680,444639,426150,18489,33.81,3540,3540,0,59.0,59.0,0.0,4261.0,30.0,98.63,86.96,95.84,82.2,98.63,4,218025,59,4,218025,1065.2,14.75,0.939,295000.0,6471150.0,6984175.0
M09,Drive Motor 02,Electric Motor,512640,443558,424931,18627,33.91,2880,2880,0,48.0,48.0,0.0,4272.0,30.0,98.89,86.52,95.8,81.97,98.89,4,214503,48,4,214503,1068.0,12.0,0.936,240000.0,6519450.0,6973953.0
M10,Screw Compressor 01,Compressor,506880,437494,418462,19032,34.0,6900,6900,0,115.0,115.0,0.0,4205.0,30.0,97.34,86.7,95.65,80.72,97.34,8,569415,115,8,569415,525.6,14.38,1.903,575000.0,6661200.0,7805615.0
