machine_id,month,planned_qty,actual_qty,good_qty,downtime_hours,availability_pct,quality_pct,performance_pct,oee_pct
M01,2025-01,59520,51344,49152,0.0,100.0,95.73,86.26,82.58
M01,2025-02,52480,45371,43493,17.0,97.64,95.86,86.45,80.92
M01,2025-03,58880,50665,48416,11.0,98.47,95.56,86.05,80.97
M01,2025-04,56320,48349,46200,14.0,98.06,95.56,85.85,80.44
M01,2025-05,58880,51053,48909,13.0,98.19,95.8,86.71,81.57
M01,2025-06,55040,47819,45867,9.0,98.75,95.92,86.88,82.29
M02,2025-01,58240,51068,49062,13.0,98.19,96.07,87.69,82.72
M02,2025-02,52480,45203,43344,18.0,97.5,95.89,86.13,80.53
M02,2025-03,58240,50540,48501,15.0,97.92,95.97,86.78,81.54
M02,2025-04,56960,49323,47202,6.0,99.17,95.7,86.59,82.18
M02,2025-05,58240,50603,48519,16.0,97.78,95.88,86.89,81.46
M02,2025-06,55040,47383,45250,15.0,97.92,95.5,86.09,80.5
M03,2025-01,59520,51755,49654,0.0,100.0,95.94,86.95,83.42
M03,2025-02,52480,45931,44219,13.0,98.19,96.27,87.52,82.74
M03,2025-03,58240,50063,47898,11.0,98.47,95.68,85.96,80.99
M03,2025-04,56960,49319,47201,7.0,99.03,95.71,86.59,82.06
M03,2025-05,58880,51077,48961,8.0,98.89,95.86,86.75,82.23
M03,2025-06,55040,48044,46083,11.0,98.47,95.92,87.29,82.45
M04,2025-01,88320,77597,74564,13.0,98.19,96.09,87.86,82.9
M04,2025-02,78720,67479,64551,18.0,97.5,95.66,85.72,79.95
M04,2025-03,86400,74444,71063,24.0,96.67,95.46,86.16,79.51
M04,2025-04,86400,75509,72562,7.0,99.03,96.1,87.39,83.17
M04,2025-05,88320,75081,71479,10.0,98.61,95.2,85.01,79.81
M04,2025-06,81600,70099,66924,16.0,97.78,95.47,85.91,80.19
M05,2025-01,88320,76695,73609,8.0,98.89,95.98,86.84,82.42
M05,2025-02,78720,67860,65009,13.0,98.19,95.8,86.2,81.09
M05,2025-03,88320,75993,72675,11.0,98.47,95.63,86.04,81.03
M05,2025-04,85440,72471,69003,14.0,98.06,95.21,84.82,79.19
M05,2025-05,87360,75206,71792,22.0,96.94,95.46,86.09,79.67
M05,2025-06,81600,71322,68503,13.0,98.19,96.05,87.4,82.43
M06,2025-01,89280,79429,76751,0.0,100.0,96.63,88.97,85.97
M06,2025-02,78720,68642,65906,18.0,97.5,96.01,87.2,81.63
M06,2025-03,87360,75086,71574,15.0,97.92,95.32,85.95,80.22
M06,2025-04,86400,72653,69087,0.0,100.0,95.09,84.09,79.96
M06,2025-05,87360,77963,75335,18.0,97.5,96.63,89.24,84.08
M06,2025-06,81600,71261,68321,16.0,97.78,95.87,87.33,81.87
M07,2025-01,88320,76840,73664,10.0,98.61,95.87,87.0,82.25
M07,2025-02,79680,68923,65966,7.0,99.03,95.71,86.5,81.98
M07,2025-03,86400,75119,71986,18.0,97.5,95.83,86.94,81.23
M07,2025-04,85440,74158,71205,8.0,98.89,96.02,86.8,82.41
M07,2025-05,87360,76003,72938,13.0,98.19,95.97,87.0,81.98
M07,2025-06,81600,70566,67527,15.0,97.92,95.69,86.48,81.03
M08,2025-01,89280,78911,76124,0.0,100.0,96.47,88.39,85.26
M08,2025-02,78720,68720,65881,16.0,97.78,95.87,87.3,81.83
M08,2025-03,88320,75035,71427,15.0,97.92,95.19,84.96,79.19
M08,2025-04,86400,74334,71196,0.0,100.0,95.78,86.03,82.4
M08,2025-05,86400,76617,73801,18.0,97.5,96.32,88.68,83.28
M08,2025-06,82560,71022,67721,10.0,98.61,95.35,86.02,80.89
M09,2025-01,89280,78019,75049,0.0,100.0,96.19,87.39,84.06
M09,2025-02,79680,70322,67770,11.0,98.47,96.37,88.26,83.75
M09,2025-03,87360,75784,72650,17.0,97.64,95.86,86.75,81.2
M09,2025-04,85440,73567,70281,8.0,98.89,95.53,86.1,81.34
M09,2025-05,87360,74556,71130,12.0,98.33,95.4,85.34,80.06
M09,2025-06,83520,71310,68051,0.0,100.0,95.43,85.38,81.48
M10,2025-01,88320,76723,73578,11.0,98.47,95.9,86.87,82.04
M10,2025-02,79680,67904,64621,10.0,98.61,95.17,85.22,79.97
M10,2025-03,86400,75183,72031,33.0,95.42,95.81,87.02,79.55
M10,2025-04,84480,72547,69306,18.0,97.5,95.53,85.87,79.99
M10,2025-05,86400,75107,71982,28.0,96.11,95.84,86.93,80.07
M10,2025-06,81600,70030,66944,15.0,97.92,95.59,85.82,80.33
