feature,mean_abs_shap
vibration_roll_mean_12h,2.691994856845933
vibration_roll_mean_24h,2.648041872411548
vibration_roll_mean_3h,2.6008422487017016
vibration,2.532903601977208
pressure_roll_mean_24h,2.486687532502531
pressure,2.2039457458138303
pressure_peak_to_avg_24h,1.82547136748462
pressure_roll_mean_3h,1.4494894040327448
vib_slope_12h,1.4132125922554857
current_roll_std_12h,1.1996172031846823
temperature_roll_mean_12h,1.194057268579469
pressure_roll_mean_12h,1.1473030888420472
temperature_roll_mean_3h,1.1382909398279475
vibration_roll_std_24h,1.0093858721008118
temperature,1.004706418772607
vibration_roll_std_12h,0.909950950415276
temperature_roll_mean_24h,0.8618293519257719
rpm,0.7640425591317915
temperature_peak_to_avg_24h,0.6597880518258231
current_roll_mean_24h,0.648320350504957
current_roll_std_24h,0.6325245311495391
current_roll_mean_3h,0.5820683573624559
current_roll_mean_12h,0.5613544689578744
current,0.5428737210186888
thermal_load_ratio,0.5304487701723466
vibration_peak_to_avg_24h,0.4877704112226926
pressure_roll_std_12h,0.4731910607472272
prior_failure_count,0.4473484008932898
temp_slope_12h,0.3384898646556229
current_peak_to_avg_24h,0.2022592970287045
pressure_roll_std_24h,0.1947653259425859
power_vibration_coupling,0.1484813707396129
press_slope_12h,0.1416710990217927
temperature_roll_std_3h,0.1386134664379248
temperature_roll_std_24h,0.1382940621887594
vibration_roll_std_3h,0.1269048346438474
pressure_roll_std_3h,0.0867592938026209
current_roll_std_3h,0.069774350026205
hours_since_last_maint,0.020120124536021
temperature_roll_std_12h,0.0126285337135027
