Date,Year,Month,MonthName,Quarter,Day,DayOfWeek,IsWeekend
2025-05-31,2025,5,May,2,31,Saturday,1
2025-06-01,2025,6,June,2,1,Sunday,1
2025-06-02,2025,6,June,2,2,Monday,0
2025-06-03,2025,6,June,2,3,Tuesday,0
2025-06-04,2025,6,June,2,4,Wednesday,0
2025-06-05,2025,6,June,2,5,Thursday,0
2025-06-06,2025,6,June,2,6,Friday,0
2025-06-07,2025,6,June,2,7,Saturday,1
2025-06-08,2025,6,June,2,8,Sunday,1
2025-06-09,2025,6,June,2,9,Monday,0
2025-06-10,2025,6,June,2,10,Tuesday,0
2025-06-11,2025,6,June,2,11,Wednesday,0
2025-06-12,2025,6,June,2,12,Thursday,0
2025-06-13,2025,6,June,2,13,Friday,0
2025-06-14,2025,6,June,2,14,Saturday,1
2025-06-15,2025,6,June,2,15,Sunday,1
2025-06-16,2025,6,June,2,16,Monday,0
2025-06-17,2025,6,June,2,17,Tuesday,0
2025-06-18,2025,6,June,2,18,Wednesday,0
2025-06-19,2025,6,June,2,19,Thursday,0
2025-06-20,2025,6,June,2,20,Friday,0
2025-06-21,2025,6,June,2,21,Saturday,1
2025-06-22,2025,6,June,2,22,Sunday,1
2025-06-23,2025,6,June,2,23,Monday,0
2025-06-24,2025,6,June,2,24,Tuesday,0
2025-06-25,2025,6,June,2,25,Wednesday,0
2025-06-26,2025,6,June,2,26,Thursday,0
2025-06-27,2025,6,June,2,27,Friday,0
2025-06-28,2025,6,June,2,28,Saturday,1
2025-06-29,2025,6,June,2,29,Sunday,1
2025-06-30,2025,6,June,2,30,Monday,0
